{"0": {"Active": 0.008771929824561403, "Occasional": 0.43640350877192985, "Rare": 0.3925438596491228, "Regualr": 0.15789473684210525, "Veteran": 0.0043859649122807015}, "1": {"Active": 0.03289473684210526, "Occasional": 0.49780701754385964, "Rare": 0.18640350877192982, "Regualr": 0.25877192982456143, "Veteran": 0.02412280701754386}}