{"0": {"LongAgo": 0.5285087719298246, "Moderate": 0.05921052631578947, "Recent": 0.20175438596491227, "VeryRecent": 0.21052631578947367}, "1": {"LongAgo": 0.20394736842105263, "Moderate": 0.07017543859649122, "Recent": 0.3881578947368421, "VeryRecent": 0.33771929824561403}}