{"TP": 25, "FP": 22, "TN": 92, "FN": 11, "P1": 0.5319148822996834, "R1": 0.6944444251543216, "P0": 0.8932038748232634, "R0": 0.807017536780548, "TPR": [0.0, 0.027777777777777776, 0.08333333333333333, 0.08333333333333333, 0.3055555555555556, 0.3333333333333333, 0.5833333333333334, 0.6944444444444444, 0.6944444444444444, 0.6944444444444444, 0.75, 0.8611111111111112, 0.8611111111111112, 0.8888888888888888, 0.8888888888888888, 1.0], "FPR": [0.0, 0.0, 0.0, 0.008771929824561403, 0.06140350877192982, 0.07894736842105263, 0.17543859649122806, 0.19298245614035087, 0.20175438596491227, 0.2543859649122807, 0.3333333333333333, 0.40350877192982454, 0.41228070175438597, 0.6666666666666666, 0.7017543859649122, 1.0], "AUC": 0.7711988304093567}